FrogID,Site,Clutch,Sex,BdExposed,ShamExposed,Mass1,SVL1,2WPEwells06/10,2WPEzseDil06/10,2WPEzseCap06/10,2WPEzseUncap06/10,3WPEwells13/10,3WPEzseDil13/10,3WPEzseCap13/10,3WPEzseUncap13/10,4WPEwells20/10,4WPEzseDil20/10,4WPEzseCap20/10,4WPEzseUncap20/10,5WPEwells27/10,5WPEzseDil27/10,5WPEzseCap27/10,5WPEzseUncap27/10,6WPEwells03/11,6WPEzseDil03/11,6WPEzseCap03/11,6WPEzseUncap03/11,7WPEwells10/11,7WPEzseDil10/11,7WPEzseCap10/11,7WPEzseUncap10/11,8WPEwells17/11,8WPEzseDil17/11,8WPEzseCap17/11,8WPEzseUncap17/11,9WPEwells24/11,9WPEzseDil24/11,9WPEzseCap24/11,9WPEzseUncap24/11,10WPEwells01/12,10WPEzseDil01/12,10WPEzseCap01/12,10WPEzseUncap01/12,11WPEwells08/12,11WPEzseDil08/12,11WPEzseCap08/12,11WPEzseUncap08/12,DeathDate,Deathzsewells,DeathzseDil,DeathzseCap,DeathzseUncap,Mass2,DaysSurv,,,
Lva002,Ogilvies,Ogilvies C,male,1,0,2.2,27.2,3,0.4,67,67,,,,,,,,,,,,,,,,,,,,,,,,,,,,,,,,,,,,,26/10/2011,3,2475.22,>16667,412545,2.25,36,,,
Lva003,Eucumbene,Eucumbene C,female,1,0,3.81,31.5,3,33.92,5653,5654,,,,,,,,,,,,,,,,,,,,,,,,,,,,,,,,,,,,,19/10/2011,3,33.31,5552,5552,3.82,29,,,
Lva004,Eucumbene,Eucumbene B,male,1,0,2.75,28.2,3,5.74,957,957,3,20.34,3390,3390,,,,,,,,,,,,,,,,,,,,,,,,,,,,,,,,,20/10/2011,3,4507.97,>16667,751343,2.57,30,,,
Lva005,Greymare,Greymare C,male,1,0,3.98,28.9,3,53.84,8974,8975,3,23.96,3993,3993,,,,,,,,,,,,,,,,,,,,,,,,,,,,,,,,,15/10/2011,3,1828.7,>16667,304789,2.79,25,,,
Lva006,Kiandra,Kiandra C,male,0,1,3.39,33.3,0,0,0,0,,,,,,,,,,,,,,,,,,,,,,,,,,,,,,,,,,,,,Survivor,0,0,0,0,3.34,Survivor,,,
Lva007,Kiandra,Kiandra A,female,1,0,4.57,33.8,3,2.45,408,408,,,,,,,,,,,,,,,,,,,,,,,,,,,,,,,,,,,,,26/10/2011,3,5893.6,>16667,982286,4.43,36,,,
Lva009,Kiandra,Kiandra C,female,1,0,2.61,30.8,3,41.87,6978,6980,3,154.12,>16667,25691.804,3,676.28,>16667,112735.876,3,1.72,286.6724,286.6724,3,1.44,240.0048,240.0048,3,0.14,23.3338,23.3338,3,0.02,3.3334,3.3334,2,0.01,<2,1.667,1,0.0033,<1,0.55011,0,0,0,0,Survivor,0,0,0,0,3.11,Survivor,,,
Lva011,Kiandra,Kiandra C,NaN,1,0,3.38,30.9,3,22.44,3740,3741,,,,,,,,,,,,,,,,,,,,,,,,,,,,,,,,,,,,,19/10/2011,3,9548.4,>16667,1591432,2.92,29,,,
Lva012,Kiandra,Kiandra C,male,1,0,2.79,29,3,6.02,1003,1004,3,95.93,15989,15989,3,2104.75,>16667,350861.825,3,336.76,>16667,56137.892,,,,,,,,,,,,,,,,,,,,,,,,,30/10/2011,3,1348.7,>16667,224788,2.04,40,,,
Lva013,Eucumbene,Eucumbene B,female,1,0,2.14,27.4,3,5.96,993,994,3,215.66,>16667,35950.522,,,,,,,,,,,,,,,,,,,,,,,,,,,,,,,,,18/10/2011,3,2310.06,>16667,385018,2.09,28,,,
Lva014,Ogilvies,Ogilvies B,male,0,1,3.08,31.2,0,0,0,0,,,,,,,,,,,,,,,,,,,,,,,,,,,,,,,,,,,,,Survivor,0,0,0,0,4.49,Survivor,,,
Lva015,Ogilvies,Ogilvies B,female,0,1,2.31,26.3,0,0,0,0,0,0,0,0,1,0.0033,<1,0.55011,2,0.01,<2,1.667,0,0,0,0,3,55.95,9325.1865,9325.1865,3,1972.56,>16667,328825.752,,,,,,,,,,,,,20/11/2011,3,20051.22,>16667,3341937,2.62,61,,,
Lva016,Ogilvies,Ogilvies B,female,0,1,4.67,33.4,0,0,0,0,,,,,,,,,,,,,,,,,,,,,,,,,,,,,,,,,,,,,3/11/2011,3,5418.07,>16667,903030,4.42,44,,,
Lva017,Ogilvies,Ogilvies B,male,1,0,3.87,29.7,3,66.11,11019,11021,,,,,,,,,,,,,,,,,,,,,,,,,,,,,,,,,,,,,12/10/2011,3,5131.74,>16667,855307,3.63,22,,,
Lva018,Ogilvies,Ogilvies A,male,1,0,3.43,31.1,3,1.73,288,288,3,366.54,>16667,61102.218,,,,,,,,,,,,,,,,,,,,,,,,,,,,,,,,,18/10/2011,3,2397.09,>16667,399523,2.97,28,,,
Lva019,Greymare,Greymare B,female,1,0,3.38,31,3,192.44,>16667,32080,,,,,,,,,,,,,,,,,,,,,,,,,,,,,,,,,,,,,15/10/2011,3,2760.86,>16667,460153,3.26,25,,,
Lva020,Ogilvies,Ogilvies C,male,1,0,1.61,23.8,3,30.24,5040,5041,,,,,,,,,,,,,,,,,,,,,,,,,,,,,,,,,,,,,19/10/2011,3,6979.72,>16667,1163310,1.31,29,,,
Lva021,Ogilvies,Ogilvies B,female,0,1,3.86,31.3,0,0,0,0,2,0.007,<2,<2,0,0,0,0,0,0,0,0,0,0,0,0,3,2.99,498.3433,498.3433,3,388.91,>16667,64831.297,3,660.85,>16667,110163.695,,,,,,,,,27/11/2011,3,7544.26,>16667,1257402,3.61,68,,,
Lva022,Ogilvies,Ogilvies B,female,1,0,5,32.6,3,29.56,4927,4928,,,,,,,,,,,,,,,,,,,,,,,,,,,,,,,,,,,,,12/10/2011,3,7042.78,>16667,1173820,4.38,22,,,
Lva023,Greymare,Greymare D,male,1,0,3.74,29.4,3,32.75,5458,5459,3,3430.71,>16667,571899.357,,,,,,,,,,,,,,,,,,,,,,,,,,,,,,,,,15/10/2011,3,6915.4,>16667,1152590,4,25,,,
Lva024,Kiandra,Kiandra A,female,1,0,5.63,35.5,3,21.98,3663,3664,3,144.38,>16667,24068.146,3,672.98,>16667,112185.766,,,,,,,,,,,,,,,,,,,,,,,,,,,,,23/10/2011,3,310.14,>16667,51691,5.49,33,,,
Lva025,Greymare,Greymare B,female,1,0,3.91,31.6,3,8.62,1437,1437,,,,,,,,,,,,,,,,,,,,,,,,,,,,,,,,,,,,,10/10/2011,3,274.66,>16667,45778,4.6,20,,,
Lva027,Kiandra,Kiandra C,female,1,0,4.2,35.2,3,7.11,1185,1185,,,,,,,,,,,,,,,,,,,,,,,,,,,,,,,,,,,,,28/10/2011,3,4389.12,>16667,731535,3.59,38,,,
Lva028,Eucumbene,Eucumbene C,female,1,0,4.52,33.1,3,35.32,5887,5888,,,,,,,,,,,,,,,,,,,,,,,,,,,,,,,,,,,,,16/10/2011,3,46.38,7730,7730,5.21,26,,,
Lva029,Kiandra,Kiandra B,male,1,0,1.33,24.2,3,2.33,388,388,3,2.38,397,397,3,144.98,>16667,24168.166,,,,,,,,,,,,,,,,,,,,,,,,,,,,,25/10/2011,3,533.33,>16667,88890,1.05,35,,,
Lva030,Kiandra,Kiandra D,female,1,0,7.58,38.2,3,2471.02,>16667,411919,3,160.22,**>16667,26708.674,3,1436.27,>16667,239426.209,3,4470.88,>16667,745295.696,,,,,,,,,,,,,,,,,,,,,,,,,29/10/2011,3,4725.36,>16667,787576,5.56,39,,,
Lva032,Eucumbene,Eucumbene C,female,1,0,4.43,32.4,3,7.16,1193,1194,,,,,,,,,,,,,,,,,,,,,,,,,,,,,,,,,,,,,25/10/2011,3,176.09,>16667,29349,3.81,35,,,
Lva033,Ogilvies,Ogilvies B,female,0,1,4.72,33,0,0,0,0,,,,,,,,,,,,,,,,,,,,,,,,,,,,,,,,,,,,,Survivor,0,0,0,0,6.96,Survivor,,,
Lva034,Greymare,Greymare B,male,1,0,3.16,30.5,3,40.59,6765,6766,,,,,,,,,,,,,,,,,,,,,,,,,,,,,,,,,,,,,20/10/2011,3,3327.27,>16667,554556,3.08,30,,,
Lva035,Greymare,Greymare C,female,1,0,5.27,35.5,3,3.51,585,585,3,459.1,>16667,76531.97,,,,,,,,,,,,,,,,,,,,,,,,,,,,,,,,,17/10/2011,3,7739.29,>16667,1289907,3.89,27,,,
Lva036,Kiandra,Kiandra A,female,1,0,3.72,33.5,3,31.88,5313,5314,,,,,,,,,,,,,,,,,,,,,,,,,,,,,,,,,,,,,21/10/2011,3,696.6,>16667,116102,3.69,31,,,
Lva037,Kiandra,Kiandra A,female,0,1,4.3,34.8,0,0,0,0,,,,,,,,,,,,,,,,,,,,,,,,,,,,,,,,,,,,,Survivor,0,0,0,0,4.24,Survivor,,,
Lva038,Eucumbene,Eucumbene A,male,0,1,2.2,25,0,0,0,0,,,,,,,,,,,,,,,,,,,,,,,,,,,,,,,,,,,,,Survivor,0,0,0,0,2.66,Survivor,,,
Lva040,Kiandra,Kiandra B,male,1,0,2.58,27.6,3,354.08,>16667,59025,3,19.63,3272,3272,3,1678.19,>16667,279754.273,,,,,,,,,,,,,,,,,,,,,,,,,,,,,27/10/2011,3,1973.91,>16667,328992,2.41,37,,,
Lva041,Eucumbene,Eucumbene A,male,1,0,3.64,28.6,3,104.65,>16667,17445,,,,,,,,,,,,,,,,,,,,,,,,,,,,,,,,,,,,,13/10/2011,3,12448.3,>16667,2074758,2.97,23,,,
Lva042,Greymare,Greymare C,female,0,1,4.38,34.1,0,0,0,0,,,,,,,,,,,,,,,,,,,,,,,,,,,,,,,,,,,,,Survivor,0,0,0,0,4.31,Survivor,,,
Lva043,Kiandra,Kiandra A,male,1,0,3.82,30.4,3,6.86,1143,1144,,,,,,,,,,,,,,,,,,,,,,,,,,,,,,,,,,,,,26/10/2011,3,826.47,>16667,137748,4.11,36,,,
Lva044,Kiandra,Kiandra A,female,0,1,3.13,30.4,0,0,0,0,,,,,,,,,,,,,,,,,,,,,,,,,,,,,,,,,,,,,Survivor,0,0,0,0,3.54,Survivor,,,
Lva045,Ogilvies,Ogilvies B,female,1,0,4.5,33.4,3,0.94,157,157,3,464.13,>16667,77370.471,,,,,,,,,,,,,,,,,,,,,,,,,,,,,,,,,14/10/2011,3,4969.95,>16667,828342,4.23,24,,,
Lva046,Greymare,Greymare C,male,1,0,3.64,32.9,0,0,0,0,,,,,,,,,,,,,,,,,,,,,,,,,,,,,,,,,,,,,7/11/2011,3,406.07,>16667,67680,3.95,48,,,
Lva047,Ogilvies,Ogilvies B,female,1,0,3.46,30.9,3,120.05,>16667,20012,,,,,,,,,,,,,,,,,,,,,,,,,,,,,,,,,,,,,11/10/2011,3,7446.92,>16667,1241178,3.8,21,,,
Lva048,Greymare,Greymare B,male,0,1,2.91,30.1,0,0,0,0,,,,,,,,,,,,,,,,,,,,,,,,,,,,,,,,,,,,,Survivor,0,0,0,0,3.12,Survivor,,,
Lva049,Greymare,Greymare C,male,1,0,2.86,29.3,3,82.57,13762,13764,,,,,,,,,,,,,,,,,,,,,,,,,,,,,,,,,,,,,18/10/2011,3,33299.4,>16667,5550011,3.65,28,,,
Lva050,Greymare,Greymare C,male,1,0,4.63,34.1,3,54.53,9089,9090,,,,,,,,,,,,,,,,,,,,,,,,,,,,,,,,,,,,,12/10/2011,3,13556.43,>16667,2259450,4.67,22,,,
Lva051,Ogilvies,Ogilvies B,female,0,1,4.33,31.1,0,0,0,0,,,,,,,,,,,,,,,,,,,,,,,,,,,,,,,,,,,,,10/11/2011,3,5130.2,>16667,855050,3.77,51,,,
Lva052,Greymare,Greymare B,male,1,0,3.53,32.2,3,327.44,>16667,54584,,,,,3,3230.64,>16667,538547.688,,,,,,,,,,,,,,,,,,,,,,,,,,,,,22/10/2011,3,2394.64,>16667,399115,3.75,32,,,
Lva053,Greymare,Greymare C,male,1,0,3.84,33.2,3,1563.95,>16667,260710,3,65.93,10989,10989,,,,,,,,,,,,,,,,,,,,,,,,,,,,,,,,,18/10/2011,3,12975.79,>16667,2162675,3.65,28,,,
Lva054,Greymare,Greymare A,male,1,0,3.68,30.1,3,232.94,>16667,38831,,,,,,,,,,,,,,,,,,,,,,,,,,,,,,,,,,,,,16/10/2011,3,4050.69,>16667,675129,3.45,26,,,
Lva056,Kiandra,Kiandra B,female,0,1,2.94,31.2,0,0,0,0,,,,,,,,,,,,,,,,,,,,,,,,,,,,,,,,,,,,,Survivor,0,0,0,0,3.32,Survivor,,,
Lva057,Kiandra,Kiandra B,female,0,1,1.72,24,0,0,0,0,,,,,,,,,,,,,,,,,,,,,,,,,,,,,,,,,,,,,Survivor,0,0,0,0,1.92,Survivor,,,
Lva058,Kiandra,Kiandra B,female,1,0,3.53,29.9,3,4.09,682,682,3,39.23,6538,6538,3,268.12,>16667,44695.604,3,145.81,>16667,24306.527,,,,,,,,,,,,,,,,,,,,,,,,,2/11/2011,3,1133.34,>16667,188894,2.61,43,,,
Lva059,Eucumbene,Eucumbene D,female,1,0,3.77,30,3,48.1,8017,8018,,,,,,,,,,,,,,,,,,,,,,,,,,,,,,,,,,,,,13/10/2011,3,6703.96,>16667,1117349,2.95,23,,,
Lva060,Greymare,Greymare C,male,0,1,3.44,30.9,3,10.51,1752,1752,,,,,,,,,,,,,,,,,,,,,,,,,,,,,,,,,,,,,Survivor,0,0,0,0,3.39,Survivor,,,
Lva061,Eucumbene,Eucumbene B,male,1,0,2,24.8,3,932.1,>16667,155381,,,,,,,,,,,,,,,,,,,,,,,,,,,,,,,,,,,,,9/10/2011,3,227.33,>16667,37889,2.08,19,,,
Lva062,Greymare,Greymare B,male,1,0,2.79,31.8,3,135.58,>16667,22601,,,,,,,,,,,,,,,,,,,,,,,,,,,,,,,,,,,,,21/10/2011,3,5175.55,>16667,862609,2.7,31,,,
Lva063,Kiandra,Kiandra A,female,1,0,3.39,31.8,3,25.95,4325,4326,3,9.64,1607,1607,,,,,,,,,,,,,,,,,,,,,,,,,,,,,,,,,18/10/2011,3,5230.08,>16667,871697,4.04,28,,,
Lva064,Greymare,Greymare B,male,1,0,3.09,30.1,3,72.67,12112,12114,3,312.17,>16667,52038.739,,,,,,,,,,,,,,,,,,,,,,,,,,,,,,,,,18/10/2011,3,8636.03,>16667,1439367,2.81,28,,,
Lva065,Greymare,Greymare A,male,1,0,3.21,28.4,3,1404.16,>16667,234073,,,,,,,,,,,,,,,,,,,,,,,,,,,,,,,,,,,,,10/10/2011,3,2244.67,>16667,374119,3.56,20,,,
Lva066,Ogilvies,Ogilvies C,male,1,0,2.35,28.2,3,298.83,>16667,49815,,,,,,,,,,,,,,,,,,,,,,,,,,,,,,,,,,,,,23/10/2011,3,2734.59,>16667,455774,1.85,33,,,
Lva067,Kiandra,Kiandra A,female,1,0,5.53,36.1,3,28.56,4760,4761,3,231.72,>16667,38627.724,,,,,,,,,,,,,,,,,,,,,,,,,,,,,,,,,18/10/2011,3,459.88,>16667,76648,5.69,28,,,
Lva068,Eucumbene,Eucumbene A,female,1,0,5.13,32.7,3,5.05,842,842,3,237.38,>16667,39571.246,,,,,,,,,,,,,,,,,,,,,,,,,,,,,,,,,20/10/2011,3,6416.6,>16667,1069455,4.44,30,,,
Lva069,Eucumbene,Eucumbene C,male,1,0,2.25,27,,,,,,,,,,,,,,,,,,,,,,,,,,,,,,,,,,,,,,,,,23/10/2011,3,31.46,5243,5243,2.19,33,,,
Lva070,Ogilvies,Ogilvies A,female,1,0,3.87,32.3,,,,,,,,,,,,,,,,,,,,,,,,,,,,,,,,,,,,,,,,,12/10/2011,3,3983.65,>16667,663955,3.65,22,,,
Lva071,Eucumbene,Eucumbene A,male,0,1,2.5,26,,,,,,,,,,,,,,,,,,,,,,,,,,,,,,,,,,,,,,,,,Survivor,0,0,0,0,2.56,Survivor,,,
Lva072,Ogilvies,Ogilvies C,female,1,0,4.49,34.6,3,23.82,3970,3971,3,367.47,>16667,61257.249,3,2956.24,>16667,492805.208,,,,,,,,,,,,,,,,,,,,,,,,,,,,,27/10/2011,3,1906.09,>16667,317688,4.22,37,,,
Lva073,Eucumbene,Eucumbene B,female,1,0,1.94,26.4,,,,,,,,,,,,,,,,,,,,,,,,,,,,,,,,,,,,,,,,,24/10/2011,3,1115.87,>16667,185982,1.72,34,,,
Lva074,Kiandra,Kiandra D,female,1,0,6.17,35.4,,,,,,,,,,,,,,,,,,,,,,,,,,,,,,,,,,,,,,,,,16/10/2011,3,19710.06,>16667,3285076,4.93,26,,,
Lva075,Eucumbene,Eucumbene C,female,0,1,3.96,32.1,,,,,,,,,,,,,,,,,,,,,,,,,,,,,,,,,,,,,,,,,Survivor,0,0,0,0,4.73,Survivor,,,
Lva077,Ogilvies,Ogilvies B,female,0,1,3.59,30.2,,,,,,,,,,,,,,,,,,,,,,,,,,,,,,,,,,,,,,,,,Survivor,0,0,0,0,5.46,Survivor,,,
Lva078,Eucumbene,Eucumbene C,female,1,0,3.95,29.5,3,0.04,7,7,3,9.78,1630,1630,3,743.66,>16667,123968.122,,,,,,,,,,,,,,,,,,,,,,,,,,,,,24/10/2011,3,1348.08,>16667,224684,2.87,34,,,
Lva079,Eucumbene,Eucumbene A,female,1,0,6.51,36.6,3,182.77,>16667,30468,,,,,,,,,,,,,,,,,,,,,,,,,,,,,,,,,,,,,9/10/2011,3,664.27,>16667,110714,5.67,19,,,
Lva080,Kiandra,Kiandra D,female,1,0,6.68,33.5,,,,,,,,,,,,,,,,,,,,,,,,,,,,,,,,,,,,,,,,,1/11/2011,3,8200.29,>16667,1366742,4.11,42,,,
Lva081,Greymare,Greymare C,female,0,1,6.55,37.8,,,,,,,,,,,,,,,,,,,,,,,,,,,,,,,,,,,,,,,,,15/11/2011,3,2055.21,>16667,342542,5.35,56,,,
Lva082,Kiandra,Kiandra C,male,1,0,3.65,30.8,,,,,,,,,,,,,,,,,,,,,,,,,,,,,,,,,,,,,,,,,25/10/2011,3,5229.07,>16667,871529,3.52,35,,,
Lva083,Kiandra,Kiandra B,male,1,0,2.87,29.5,3,93.97,15662,15665,3,24.28,4047,4047,3,267.95,>16667,44667.265,,,,,,,,,,,,,,,,,,,,,,,,,,,,,27/10/2011,3,4246.3,>16667,707731,2.39,37,,,
Lva084,Greymare,Greymare B,male,1,0,3.55,30.2,,,,,,,,,,,,,,,,,,,,,,,,,,,,,,,,,,,,,,,,,13/10/2011,3,19618.52,>16667,3269819,3.71,23,,,
Lva086,Eucumbene,Eucumbene A,male,1,0,2.94,25.9,,,,,,,,,,,,,,,,,,,,,,,,,,,,,,,,,,,,,,,,,12/10/2011,3,2044.58,>16667,340770,3.15,22,,,
Lva087,Ogilvies,Ogilvies C,male,1,0,3.04,28.1,,,,,,,,,,,,,,,,,,,,,,,,,,,,,,,,,,,,,,,,,21/10/2011,3,12094.47,>16667,2015785,2.43,31,,,
Lva088,Greymare,Greymare A,female,1,0,4.2,33.8,,,,,,,,,,,,,,,,,,,,,,,,,,,,,,,,,,,,,,,,,14/10/2011,3,6294.98,>16667,1049184,3.9,24,,,
Lva089,Ogilvies,Ogilvies A,male,1,0,2.1,25.8,3,297.57,>16667,49605,,,,,,,,,,,,,,,,,,,,,,,,,,,,,,,,,,,,,13/10/2011,3,2198.18,>16667,366371,1.81,23,,,
Lva090,Eucumbene,Eucumbene B,male,1,0,2.41,27.7,,,,,,,,,,,,,,,,,,,,,,,,,,,,,,,,,,,,,,,,,24/10/2011,3,2670.13,>16667,445031,2.37,34,,,
Lva091,Eucumbene,Eucumbene C,female,1,0,3.92,30.2,3,0.99,165,165,3,66.64,11107,11107,3,140.01,>16667,23339.667,3,250.6,>16667,41775.02,3,316.45,>16667,52752.215,,,,,,,,,,,,,,,,,,,,,4/11/2011,3,537.96,>16667,89662,3.58,45,,,
Lva092,Ogilvies,Ogilvies B,female,0,1,4.44,31.3,,,,,,,,,,,,,,,,,,,,,,,,,,,,,,,,,,,,,,,,,Survivor,0,0,0,0,6.41,Survivor,,,
Lva094,Ogilvies,Ogilvies B,male,0,1,3.73,28.6,,,,,,,,,,,,,,,,,,,,,,,,,,,,,,,,,,,,,,,,,Survivor,0,0,0,0,5.05,Survivor,,,
Lva095,Eucumbene,Eucumbene A,female,0,1,2.8,28.5,,,,,,,,,,,,,,,,,,,,,,,,,,,,,,,,,,,,,,,,,Survivor,0,0,0,0,5.06,Survivor,,,
Lva096,Greymare,Greymare A,female,1,0,5.81,33.9,3,3.28,547,547,3,407.09,>16667,67861.903,,,,,,,,,,,,,,,,,,,,,,,,,,,,,,,,,18/10/2011,3,2678.37,>16667,446404,5.78,28,,,
Lva097,Eucumbene,Eucumbene B,male,1,0,2.28,26.8,,,,,,,,,,,,,,,,,,,,,,,,,,,,,,,,,,,,,,,,,15/10/2011,3,4042.43,>16667,673752,1.95,25,,,
Lva098,Kiandra,Kiandra D,male,1,0,3.41,29.7,,,,,,,,,,,,,,,,,,,,,,,,,,,,,,,,,,,,,,,,,17/10/2011,3,5073.74,>16667,845640,3.28,27,,,
Lva100,Kiandra,Kiandra C,male,1,0,2.3,29,,,,,,,,,,,,,,,,,,,,,,,,,,,,,,,,,,,,,,,,,21/10/2011,3,224.82,>16667,37471,2.62,31,,,
Lva102,Ogilvies,Ogilvies B,female,0,1,5.13,33.8,,,,,,,,,,,,,,,,,,,,,,,,,,,,,,,,,,,,,,,,,Survivor,0,0,0,0,5.03,Survivor,,,
Lva103,Greymare,Greymare C,female,1,0,6.32,34.3,3,563.05,>16667,93860,3,27.48,4580,4580,,,,,,,,,,,,,,,,,,,,,,,,,,,,,,,,,18/10/2011,3,489.92,>16667,81655,5.43,28,,,
Lva104,Kiandra,Kiandra A,female,1,0,2.71,30,3,0.09,15,15,3,272.52,>16667,45429.084,3,570.17,>16667,95047.339,,,,,,,,,,,,,,,,,,,,,,,,,,,,,21/10/2011,3,2351,>16667,391841,2.69,31,,,
Lva105,Kiandra,Kiandra A,male,1,0,3.36,30.5,,,,,,,,,,,,,,,,,,,,,,,,,,,,,,,,,,,,,,,,,28/10/2011,3,3084.62,>16667,514114,3.31,38,,,
Lva106,Ogilvies,Ogilvies C,male,1,0,2.79,28.1,3,10.76,1793,1794,3,181.74,>16667,30296.058,3,1039.07,>16667,173212.969,,,,,,,,,,,,,,,,,,,,,,,,,,,,,25/10/2011,3,2322.36,>16667,387068,2.02,35,,,
Lva107,Kiandra,Kiandra B,male,0,1,3.31,29.1,,,,,,,,,,,,,,,,,,,,,,,,,,,,,,,,,,,,,,,,,Survivor,0,0,0,0,3.98,Survivor,,,
Lva109,Kiandra,Kiandra C,female,1,0,3.44,31.6,,,,,,,,,,,,,,,,,,,,,,,,,,,,,,,,,,,,,,,,,20/10/2011,3,33676.12,>16667,5612799,2.94,30,,,
Lva110,Kiandra,Kiandra D,male,1,0,4.65,28.5,,,,,,,,,,,,,,,,,,,,,,,,,,,,,,,,,,,,,,,,,27/10/2011,3,10625.59,>16667,1770967,3.7,37,,,
Lva111,Greymare,Greymare C,male,1,0,3.49,30.9,0,0,0,0,3,0.16,27,27,3,4.89,815.0163,815.0163,3,45.83,7638.4861,7638.4861,3,35.8,5966.786,5966.786,3,261.78,>16667,43638.726,3,100.17,>16667,16698.339,,,,,,,,,,,,,18/11/2011,3,2934.13,>16667,489031,2.88,59,,,
Lva114,Ogilvies,Ogilvies A,male,1,0,3.22,28.5,,,,,,,,,,,,,,,,,,,,,,,,,,,,,,,,,,,,,,,,,18/10/2011,3,857.58,>16667,142933,2.86,28,,,
Lva116,Ogilvies,Ogilvies B,female,0,1,4.99,32,,,,,,,,,,,,,,,,,,,,,,,,,,,,,,,,,,,,,,,,,15/12/2011,3,18120.25,>16667,3020102,5.21,Survivor,,,
Lva118,Kiandra,Kiandra B,female,1,0,4.18,34.3,,,,,,,,,,,,,,,,,,,,,,,,,,,,,,,,,,,,,,,,,4/11/2011,3,219.2,>16667,36534,3.54,45,,,
Lva119,Ogilvies,Ogilvies A,female,1,0,3.51,31.9,,,,,,,,,,,,,,,,,,,,,,,,,,,,,,,,,,,,,,,,,14/10/2011,3,4565.26,>16667,760892,3.63,24,,,
Lva120,Ogilvies,Ogilvies A,male,1,0,2.51,27.8,3,7.96,1327,1327,3,22.98,3830,3830,,,,,,,,,,,,,,,,,,,,,,,,,,,,,,,,,19/10/2011,3,3845.41,>16667,640914,2.18,29,,,
Lva122,Eucumbene,Eucumbene C,male,1,0,2.51,28,3,64.59,10765,10767,,,,,,,,,,,,,,,,,,,,,,,,,,,,,,,,,,,,,13/10/2011,3,3850.75,>16667,641805,2.2,23,,,
Lva123,Kiandra,Kiandra C,female,0,1,3.78,34.6,0,0,0,0,0,0,0,0,0,0,0,0,3,0.05,8.3335,8.3335,3,1.15,191.6705,191.6705,3,16.21,2701.7207,2701.7207,3,35.13,5855.1171,5855.1171,3,680.58,>16667,113452.686,3,366.4,>16667,61078.88,,,,,4/12/2011,3,86.33,14389,14389,3.21,75,,,
Lva124,Eucumbene,Eucumbene B,female,1,0,2.75,28.8,3,4.37,728,728,3,153.67,>16667,25616.789,,,,,,,,,,,,,,,,,,,,,,,,,,,,,,,,,17/10/2011,3,2526.82,>16667,421145,2.91,27,,,
Lva125,Kiandra,Kiandra D,male,1,0,3.24,28.2,,,,,,,,,,,,,,,,,,,,,,,,,,,,,,,,,,,,,,,,,17/10/2011,3,6357.38,>16667,1059585,2.47,27,,,
Lva126,Greymare,Greymare B,female,1,0,4.59,34.8,,,,,,,,,,,,,,,,,,,,,,,,,,,,,,,,,,,,,,,,,12/10/2011,3,11033.53,>16667,1838958,4.18,22,,,
Lva127,Greymare,Greymare B,male,1,0,3.63,31.9,,,,,,,,,,,,,,,,,,,,,,,,,,,,,,,,,,,,,,,,,18/10/2011,3,2084,>16667,347340,3.48,28,,,
Lva128,Eucumbene,Eucumbene C,female,0,1,4.01,32.1,,,,,,,,,,,,,,,,,,,,,,,,,,,,,,,,,,,,,,,,,Survivor,0,0,0,0,4,Survivor,,,
Lva129,Ogilvies,Ogilvies B,female,1,0,4.66,33.1,3,0.15,25,25,3,7.43,1238,1238,,,,,,,,,,,,,,,,,,,,,,,,,,,,,,,,,20/10/2011,3,4982.16,>16667,830377,3.61,30,,,
Lva130,Greymare,Greymare C,female,1,0,4.19,34.8,3,55.02,9170,9172,3,350.26,>16667,58388.342,3,2128.3,>16667,354787.61,,,,,,,,,,,,,,,,,,,,,,,,,,,,,24/10/2011,3,3012.22,>16667,502047,3.69,34,,,
Lva131,Greymare,Greymare A,male,1,0,3.28,28.1,,,,,,,,,,,,,,,,,,,,,,,,,,,,,,,,,,,,,,,,,13/10/2011,3,37076.55,>16667,6179549,2.82,23,,,
Lva132,Eucumbene,Eucumbene A,female,1,0,5.92,30.3,1,0.003,<1,1,3,134.62,>16667,22441.154,,,,,,,,,,,,,,,,,,,,,,,,,,,,,,,,,17/10/2011,3,8703.9,>16667,1450679,5.87,27,,,
Lva133,Kiandra,Kiandra D,female,0,1,6.24,37.5,0,0,0,0,1,0.003,<1,0.55011,3,0.03,5.0001,5.0001,3,0.25,41.6675,41.6675,3,356.07,>16667,59356.869,3,115.37,>16667,19232.179,3,5138.96,>16667,856664.632,,,,,,,,,,,,,18/11/2011,3,2467.09,>16667,411190,6.02,59,,,
Lva134,Eucumbene,Eucumbene C,female,1,0,4.09,31.6,,,,,,,,,,,,,,,,,,,,,,,,,,,,,,,,,,,,,,,,,14/10/2011,3,2405.12,>16667,400861,3.63,24,,,
Lva135,Kiandra,Kiandra A,male,1,0,3.84,33.2,3,0.65,108,108,3,386.32,>16667,64399.544,,,,,,,,,,,,,,,,,,,,,,,,,,,,,,,,,20/10/2011,3,11.89,1982,1982,4.3,30,,,
Lva136,Ogilvies,Ogilvies A,male,1,0,2.17,26.2,,,,,,,,,,,,,,,,,,,,,,,,,,,,,,,,,,,,,,,,,22/10/2011,3,2280.38,>16667,380071,1.33,32,,,
Lva137,Eucumbene,Eucumbene D,male,1,0,3.53,29.1,,,,,,,,,,,,,,,,,,,,,,,,,,,,,,,,,,,,,,,,,18/10/2011,3,4574.6,>16667,762449,3.08,28,,,
Lva138,Greymare,Greymare B,female,1,0,4.78,35.8,3,0.15,25,25,3,592.31,>16667,98738.077,,,,,,,,,,,,,,,,,,,,,,,,,,,,,,,,,14/10/2011,3,14932.5,>16667,2488800,4.71,24,,,
Lva140,Eucumbene,Eucumbene B,male,1,0,2.44,27.9,,,,,,,,,,,,,,,,,,,,,,,,,,,,,,,,,,,,,,,,,12/10/2011,3,780.18,>16667,130033,2.42,22,,,
Lva141,Eucumbene,Eucumbene D,male,1,0,3.24,28.6,,,,,,,,,,,,,,,,,,,,,,,,,,,,,,,,,,,,,,,,,14/10/2011,3,8465.79,>16667,1410993,2.24,24,,,
Lva142,Eucumbene,Eucumbene D,male,1,0,4.02,30,,,,,,,,,,,,,,,,,,,,,,,,,,,,,,,,,,,,,,,,,14/10/2011,3,251.48,>16667,41914,3.38,24,,,
Lva144,Kiandra,Kiandra A,male,0,1,2.83,30.5,,,,,,,,,,,,,,,,,,,,,,,,,,,,,,,,,,,,,,,,,Survivor,0,0,0,0,3.21,Survivor,,,
Lva145,Eucumbene,Eucumbene A,female,1,0,4.04,32.3,,,,,,,,,,,,,,,,,,,,,,,,,,,,,,,,,,,,,,,,,10/10/2011,3,3248.51,>16667,541429,3.83,20,,,
Lva146,Greymare,Greymare C,female,1,0,4.12,32.9,,,,,,,,,,,,,,,,,,,,,,,,,,,,,,,,,,,,,,,,,20/10/2011,3,18424.94,>16667,3070885,3.89,30,,,
Lva147,Ogilvies,Ogilvies B,male,1,0,3.77,29.7,3,112.05,18675,18679,3,1251.51,>16667,208626.717,,,,,,,,,,,,,,,,,,,,,,,,,,,,,,,,,15/10/2011,3,28592.97,>16667,4765590,3.14,25,,,
Lva148,Kiandra,Kiandra B,female,1,0,3.17,32.3,,,,,,,,,,,,,,,,,,,,,,,,,,,,,,,,,,,,,,,,,24/10/2011,3,345.11,>16667,57519,3.49,34,,,
Lva149,Eucumbene,Eucumbene C,male,1,0,3.23,27.1,,,,,,,,,,,,,,,,,,,,,,,,,,,,,,,,,,,,,,,,,20/10/2011,3,2278.71,>16667,379793,2.49,30,,,
Lva151,Ogilvies,Ogilvies C,female,1,0,3.64,30.3,,,,,,,,,,,,,,,,,,,,,,,,,,,,,,,,,,,,,,,,,18/10/2011,3,3723.1,>16667,620529,3.65,28,,,
Lva152,Eucumbene,Eucumbene B,female,1,0,4.51,35.3,,,,,,,,,,,,,,,,,,,,,,,,,,,,,,,,,,,,,,,,,20/10/2011,3,37267.85,>16667,6211433,3.59,30,,,
Lva153,Greymare,Greymare B,male,1,0,2.53,30.1,,,,,,,,,,,,,,,,,,,,,,,,,,,,,,,,,,,,,,,,,16/10/2011,3,47349.94,>16667,7891814,2.8,26,,,
Lva154,Greymare,Greymare B,female,1,0,4.84,35.7,3,22.96,3827,3827,3,147.96,>16667,24664.932,3,2092.39,>16667,348801.413,,,,,,,,,,,,,,,,,,,,,,,,,,,,,21/10/2011,3,3328.17,>16667,554706,5.2,31,,,
Lva155,Eucumbene,Eucumbene B,male,1,0,2.54,28.4,,,,,,,,,,,,,,,,,,,,,,,,,,,,,,,,,,,,,,,,,21/10/2011,3,2925.11,>16667,487528,2.96,31,,,
Lva157,Greymare,Greymare D,male,1,0,2.89,29.2,3,233.88,>16667,38988,3,515.17,>16667,85878.839,,,,,,,,,,,,,,,,,,,,,,,,,,,,,,,,,15/10/2011,3,8196.98,>16667,1366191,3.28,25,,,
Lva158,Eucumbene,Eucumbene A,female,1,0,4.11,31.4,3,32.29,5382,5383,3,141.86,>16667,23648.062,,,,,,,,,,,,,,,,,,,,,,,,,,,,,,,,,19/10/2011,3,5163.59,>16667,860616,3.85,29,,,
Lva160,Eucumbene,Eucumbene C,male,0,1,3.63,30.9,0,0,0,0,3,0.17,28,28,3,0.03,5.0001,5.0001,3,0.38,63.3346,63.3346,3,94.22,15703.6474,15703.6474,3,45.46,7576.8182,7576.8182,3,92.4,15400.308,15400.308,,,,,,,,,,,,,22/11/2011,3,1327.14,>16667,221194,2.81,63,,,
Lva162,Kiandra,Kiandra C,female,1,0,8.56,34.1,,,,,,,,,,,,,,,,,,,,,,,,,,,,,,,,,,,,,,,,,6/10/2011,3,36.94,6157,6157,,16,,,
Lva163,Kiandra,Kiandra D,female,0,1,4.19,34.5,0,0,0,0,0,0,0,0,0,0,0,0,0,0,0,0,3,2.26,376.6742,376.6742,3,28.12,4686.7604,4686.7604,3,161.21,>16667,26873.707,,,,,,,,,,,,,24/11/2011,3,23897.69,>16667,3983028,3.79,65,,,
Lva164,Greymare,Greymare D,male,1,0,4.06,30.8,,,,,,,,,,,,,,,,,,,,,,,,,,,,,,,,,,,,,,,,,21/10/2011,3,1574.24,>16667,262379,3.81,31,,,
Lva165,Ogilvies,Ogilvies A,male,1,0,1.98,36.4,3,3.77,628,628,3,838.75,>16667,139819.625,,,,,,,,,,,,,,,,,,,,,,,,,,,,,,,,,20/10/2011,3,28320.34,>16667,4720151,1.69,30,,,
Lva166,Kiandra,Kiandra A,male,1,0,3.54,29.2,,,,,,,,,,,,,,,,,,,,,,,,,,,,,,,,,,,,,,,,,26/10/2011,3,12834.89,>16667,2139191,3.47,36,,,
Lva167,Greymare,Greymare A,male,1,0,2.5,27.5,3,159.96,>16667,26665,3,1671.27,>16667,278600.709,,,,,,,,,,,,,,,,,,,,,,,,,,,,,,,,,20/10/2011,3,8302.43,>16667,1383766,2.35,30,,,
Lva168,Eucumbene,Eucumbene D,female,0,1,3.9,30.8,0,0,0,0,1,0.01,2,1.667,3,0.01,1.6667,1.6667,3,0.21,35.0007,35.0007,3,0.38,63.3346,63.3346,3,69.04,11506.8968,11506.8968,3,205.1,>16667,34190.17,3,1634.91,>16667,272539.497,,,,,,,,,25/11/2011,3,397.72,>16667,66288,4.13,66,,,
Lva169,Eucumbene,Eucumbene C,female,0,1,3.73,30,,,,,,,,,,,,,,,,,,,,,,,,,,,,,,,,,,,,,,,,,Survivor,0,0,0,0,3.59,Survivor,,,
Lva170,Kiandra,Kiandra A,female,1,0,6.1,34,3,7.44,1240,1240,3,344.51,>16667,57429.817,3,76.27,12711.9209,12711.9209,,,,,,,,,,,,,,,,,,,,,,,,,,,,,26/10/2011,3,14590.2,>16667,2431749,5.75,36,,,
Lva171,Ogilvies,Ogilvies B,female,0,1,5.02,32.4,0,0,0,0,0,0,0,0,3,0.03,5.0001,5.0001,0,0,0,0,3,2.59,431.6753,431.6753,3,23.94,3990.0798,3990.0798,3,26.67,4445.0889,4445.0889,,,,,,,,,,,,,23/11/2011,3,5796.72,>16667,966139,4.21,64,,,
Lva172,Kiandra,Kiandra D,female,0,1,6.26,33,,,,,,,,,,,,,,,,,,,,,,,,,,,,,,,,,,,,,,,,,13/11/2011,3,2610.07,>16667,435020,5.98,54,,,
Lva173,Eucumbene,Eucumbene A,female,1,0,3.17,30.4,3,458.02,>16667,76352,3,637.05,>16667,106196.235,3,641.55,>16667,106946.385,,,,,,,,,,,,,,,,,,,,,,,,,,,,,21/10/2011,3,2246.53,>16667,374429,3.31,31,,,
Lva174,Eucumbene,Eucumbene C,female,0,1,4.9,32.2,,,,,,,,,,,,,,,,,,,,,,,,,,,,,,,,,,,,,,,,,15/12/2011,3,291.73,>16667,48623,4.84,Survivor,,,
Lva175,Kiandra,Kiandra D,male,1,0,3.89,30.4,,,,,,,,,,,,,,,,,,,,,,,,,,,,,,,,,,,,,,,,,20/10/2011,3,15546.08,>16667,2591065,3.54,30,,,
Lva176,Eucumbene,Eucumbene D,female,1,0,3.31,29.4,,,,,,,,,,,,,,,,,,,,,,,,,,,,,,,,,,,,,,,,,13/10/2011,3,1857.26,>16667,309550,3,23,,,
Lva177,Eucumbene,Eucumbene B,male,1,0,3.12,29.7,,,,,,,,,,,,,,,,,,,,,,,,,,,,,,,,,,,,,,,,,18/10/2011,3,10861.01,>16667,1810205,2.83,28,,,
Lva178,Kiandra,Kiandra C,male,1,0,3.3,28.8,3,2.28,380,380,3,41.34,6890,6890,3,23.59,3931.7453,3931.7453,3,137.49,>16667,22919.583,3,37.44,6240.1248,6240.1248,3,158.5,>16667,26421.95,3,81.87,13645.2729,13645.2729,,,,,,,,,,,,,18/11/2011,3,4091.54,>16667,681937,2.53,59,,,
Lva179,Kiandra,Kiandra B,female,0,1,3.25,31.5,0,0,0,0,0,0,0,0,1,0.0067,<2,1.11689,2,0.02,<4,3.334,3,16.19,2698.3873,2698.3873,3,159.86,>16667,26648.662,3,186.86,>16667,31149.562,,,,,,,,,,,,,24/11/2011,3,452.39,>16667,75400,2.87,65,,,
Lva180,Greymare,Greymare B,female,0,1,3.73,33.5,,,,,,,,,,,,,,,,,,,,,,,,,,,,,,,,,,,,,,,,,Survivor,3,52.72,8787,8787,3.43,Survivor,,,
Lva181,Eucumbene,Eucumbene C,male,0,1,3.75,27.8,,,,,,,,,,,,,,,,,,,,,,,,,,,,,,,,,,,,,,,,,Survivor,2,0.01,1,1,3.44,Survivor,,,
Lva182,Eucumbene,Eucumbene A,female,1,0,3.3,26.8,3,18.73,3122,3122,3,246.9,>16667,41158.23,3,296.13,>16667,49364.871,,,,,,,,,,,,,,,,,,,,,,,,,,,,,26/10/2011,3,2815.46,>16667,469253,2.27,36,,,
Lva183,Eucumbene,Eucumbene C,male,1,0,3.86,29.6,3,4.35,725,725,3,1488.44,>16667,248122.948,3,4073.72,>16667,679089.124,,,,,,,,,,,,,,,,,,,,,,,,,,,,,21/10/2011,3,773.84,>16667,128976,3.08,31,,,
Lva185,Eucumbene,Eucumbene C,male,1,0,3.19,28.7,,,,,,,,,,,,,,,,,,,,,,,,,,,,,,,,,,,,,,,,,23/10/2011,3,245.59,>16667,40932,2.7,33,,,
Lva186,Kiandra,Kiandra C,male,1,0,2.83,31.3,,,,,,,,,,,,,,,,,,,,,,,,,,,,,,,,,,,,,,,,,21/10/2011,3,2.12,353,353,2.93,31,,,
Lva187,Kiandra,Kiandra D,male,1,0,3.19,29.3,,,,,,,,,,,,,,,,,,,,,,,,,,,,,,,,,,,,,,,,,29/10/2011,3,764.9,>16667,127486,2.66,39,,,
Lva188,Ogilvies,Ogilvies C,male,1,0,1.72,26.5,,,,,,,,,,,,,,,,,,,,,,,,,,,,,,,,,,,,,,,,,20/10/2011,3,3661.47,>16667,610257,1.32,30,,,
Lva189,Eucumbene,Eucumbene B,female,1,0,4.36,31.1,3,2.86,477,477,3,101.93,>16667,16991.731,,,,,,,,,,,,,,,,,,,,,,,,,,,,,,,,,17/10/2011,3,17568.39,>16667,2928124,4.55,27,,,
Lva190,Kiandra,Kiandra A,female,1,0,4.06,32,,,,,,,,,,,,,,,,,,,,,,,,,,,,,,,,,,,,,,,,,21/10/2011,3,2.36,393,393,3.74,31,,,
Lva191,Kiandra,Kiandra C,male,0,1,2.6,39.5,,,,,,,,,,,,,,,,,,,,,,,,,,,,,,,,,,,,,,,,,Survivor,0,0,0,0,3.02,Survivor,,,
Lva192,Greymare,Greymare A,female,1,0,3.57,30.7,,,,,,,,,,,,,,,,,,,,,,,,,,,,,,,,,,,,,,,,,14/10/2011,3,2695.18,>16667,449206,3.06,24,,,
Lva193,Eucumbene,Eucumbene D,male,1,0,4.06,31.8,3,94.62,15770,15773,3,875.37,>16667,145924.179,,,,,,,,,,,,,,,,,,,,,,,,,,,,,,,,,19/10/2011,3,11933.61,>16667,1988975,3.04,29,,,
Lva194,Kiandra,Kiandra B,male,1,0,2.03,26,,,,,,,,,,,,,,,,,,,,,,,,,,,,,,,,,,,,,,,,,30/10/2011,3,1.84,307,307,2.12,40,,,
Lva195,Eucumbene,Eucumbene B,female,1,0,2.39,28.6,3,0.43,72,72,3,141.42,>16667,23574.714,3,59.15,9858.5305,9858.5305,,,,,,,,,,,,,,,,,,,,,,,,,,,,,25/10/2011,3,5750.1,>16667,958369,2.64,35,,,
Lva196,Ogilvies,Ogilvies B,female,1,0,3.85,31.5,,,,,,,,,,,,,,,,,,,,,,,,,,,,,,,,,,,,,,,,,13/10/2011,3,3373.66,>16667,562288,4.43,23,,,
Lva197,Eucumbene,Eucumbene A,female,1,0,2.41,27.6,3,37.17,6195,6196,3,1208.97,>16667,201535.299,,,,,,,,,,,,,,,,,,,,,,,,,,,,,,,,,14/10/2011,3,2578.16,>16667,429702,2.1,24,,,
Lva199,Kiandra,Kiandra B,male,1,0,2.16,26.5,3,4.1,683,683,3,44.78,7463,7463,,,,,,,,,,,,,,,,,,,,,,,,,,,,,,,,,19/10/2011,3,1933.52,>16667,322260,2.11,29,,,
Lva200,Ogilvies,Ogilvies C,male,1,0,3.35,30.9,3,3.75,625,625,3,1026.46,>16667,171110.882,,,,,,,,,,,,,,,,,,,,,,,,,,,,,,,,,17/10/2011,3,27697.66,>16667,4616369,2.39,27,,,
Lva202,Eucumbene,Eucumbene A,male,1,0,3.02,26.2,3,76.5,12750,12753,3,478.29,>16667,79730.943,,,,,,,,,,,,,,,,,,,,,,,,,,,,,,,,,17/10/2011,3,9346.59,>16667,1557796,0.89,27,,,
Lva203,Ogilvies,Ogilvies B,female,1,0,3.52,31,,,,,,,,,,,,,,,,,,,,,,,,,,,,,,,,,,,,,,,,,15/10/2011,3,10296.07,>16667,1716046,3.7,25,,,
Lva204,Kiandra,Kiandra C,female,0,1,4.18,34.2,,,,,,,,,,,,,,,,,,,,,,,,,,,,,,,,,,,,,,,,,Survivor,0,0,0,0,4.27,Survivor,,,
Lva205,Ogilvies,Ogilvies B,male,0,1,3.1,27.4,0,0,0,0,0,0,0,0,0,0,0,0,0,0,0,0,2,0.01,<2,1.667,0,0,0,0,3,3.36,560.0112,560.0112,3,382.94,>16667,63836.098,3,2128.3,>16667,354787.61,,,,,4/12/2011,3,2443.63,>16667,407280,3.02,75,,,
Lva206,Kiandra,Kiandra A,female,0,1,4.52,34.3,,,,,,,,,,,,,,,,,,,,,,,,,,,,,,,,,,,,,,,,,17/11/2011,3,4650.56,>16667,775109,4.32,58,,,
Lva207,Greymare,Greymare B,male,1,0,3.48,31.1,,,,,,,,,,,,,,,,,,,,,,,,,,,,,,,,,,,,,,,,,19/10/2011,3,10.71,1785,1785,3.78,29,,,
Lva208,Ogilvies,Ogilvies C,male,1,0,2.38,28.8,,,,,,,,,,,,,,,,,,,,,,,,,,,,,,,,,,,,,,,,,21/10/2011,3,2265.25,>16667,377549,1.65,31,,,
Lva210,Kiandra,Kiandra C,female,1,0,4.33,34.5,,,,,,,,,,,,,,,,,,,,,,,,,,,,,,,,,,,,,,,,,25/10/2011,3,9993.7,>16667,1665650,3.29,35,,,
Lva212,Kiandra,Kiandra D,female,1,0,8.27,37.2,,,,,,,,,,,,,,,,,,,,,,,,,,,,,,,,,,,,,,,,,5/11/2011,3,719.13,>16667,119857,6.7,46,,,
Lva213,Kiandra,Kiandra D,male,0,1,3.88,30.7,,,,,,,,,,,,,,,,,,,,,,,,,,,,,,,,,,,,,,,,,Survivor,1,0,0,0,5,Survivor,,,
Lva214,Eucumbene,Eucumbene A,female,0,1,3.53,30.3,,,,,,,,,,,,,,,,,,,,,,,,,,,,,,,,,,,,,,,,,Survivor,3,0.56,93,93,4.46,Survivor,,,
Lva215,Kiandra,Kiandra C,female,1,0,2.37,28.7,,,,,,,,,,,,,,,,,,,,,,,,,,,,,,,,,,,,,,,,,25/10/2011,3,3466.79,>16667,577810,2.46,35,,,
Lva216,Greymare,Greymare C,male,1,0,3.57,31,3,0.18,30,30,3,1.53,255,255,3,35.45,5908.4515,5908.4515,3,26.49,4415.0883,4415.0883,3,144.42,>16667,24074.814,3,11.19,1865.0373,1865.0373,3,3303.97,>16667,550672.6799,,,,,,,,,,,,,19/11/2011,3,3308.97,>16667,551506,3.46,60,,,
Lva217,Kiandra,Kiandra D,female,1,0,8.08,38.1,3,1.12,187,187,3,353.4,>16667,58911.78,,,,,,,,,,,,,,,,,,,,,,,,,,,,,,,,,20/10/2011,3,2214.76,>16667,369134,6.19,30,,,
Lva218,Greymare,Greymare B,female,0,1,4.51,34.1,0,0,0,0,2,0.007,<2,<2,3,0.08,13.3336,13.3336,2,0.023,<4,3.8341,1,0.01,<2,1.667,3,0.48,80.0016,80.0016,3,10.29,1715.0343,1715.0343,3,250.61,>16667,41776.687,3,317.12,>16667,52863.904,,,,,7/12/2011,3,25527.02,>16667,4254588,4.84,78,,,
Lva219,Greymare,Greymare A,female,1,0,4.93,33.2,3,14.35,2392,2392,3,5803.92,>16667,967513.464,,,,,,,,,,,,,,,,,,,,,,,,,,,,,,,,,14/10/2011,3,1881.88,>16667,313653,3.95,24,,,
Lva220,Eucumbene,Eucumbene A,female,0,1,4.31,33.2,,,,,,,,,,,,,,,,,,,,,,,,,,,,,,,,,,,,,,,,,Survivor,0,0,0,0,5.68,Survivor,,,
Lva221,Greymare,Greymare C,female,0,1,5.94,36.7,,,,,,,,,,,,,,,,,,,,,,,,,,,,,,,,,,,,,,,,,Survivor,0,0,0,0,6.63,Survivor,,,
Lva222,Greymare,Greymare D,female,1,0,7.05,37.8,,,,,,,,,,,,,,,,,,,,,,,,,,,,,,,,,,,,,,,,,14/10/2011,3,6969.99,>16667,1161688,6.24,24,,,
Lva223,Eucumbene,Eucumbene B,female,1,0,2.87,31.1,,,,,,,,,,,,,,,,,,,,,,,,,,,,,,,,,,,,,,,,,25/10/2011,3,900.43,>16667,150075,3.23,35,,,
Lva224,Kiandra,Kiandra B,male,1,0,3.24,29.4,,,,,,,,,,,,,,,,,,,,,,,,,,,,,,,,,,,,,,,,,23/10/2011,3,2682.43,>16667,447081,2.99,33,,,
Lva225,Greymare,Greymare C,male,1,0,3.64,32.7,,,,,,,,,,,,,,,,,,,,,,,,,,,,,,,,,,,,,,,,,13/10/2011,3,3917.25,>16667,652888,3.41,23,,,
Lva226,Greymare,Greymare C,male,1,0,3.39,31.2,,,,,,,,,,,,,,,,,,,,,,,,,,,,,,,,,,,,,,,,,12/10/2011,3,3507.62,>16667,584615,3.67,22,,,
Lva227,Ogilvies,Ogilvies C,female,1,0,1.57,24.6,,,,,,,,,,,,,,,,,,,,,,,,,,,,,,,,,,,,,,,,,15/10/2011,3,8482.44,>16667,1413768,1.58,25,,,
Lva228,Eucumbene,Eucumbene C,male,0,1,2.62,28.9,,,,,,,,,,,,,,,,,,,,,,,,,,,,,,,,,,,,,,,,,16/11/2011,3,1449.43,>16667,241576,2.18,57,,,
Lva229,Greymare,Greymare D,male,1,0,3.75,31.4,3,2247.51,>16667,374660,3,103.81,>16667,17305.127,,,,,,,,,,,,,,,,,,,,,,,,,,,,,,,,,18/10/2011,3,7527.24,>16667,1254565,2.88,28,,,
Lva230,Greymare,Greymare A,female,1,0,4.83,32.6,,,,,,,,,,,,,,,,,,,,,,,,,,,,,,,,,,,,,,,,,19/10/2011,3,1899.25,>16667,316548,3.4,29,,,
Lva231,Ogilvies,Ogilvies A,male,1,0,2.87,27.3,3,36.4,6067,6068,,,,,,,,,,,,,,,,,,,,,,,,,,,,,,,,,,,,,13/10/2011,3,1871.97,>16667,312001,2.19,23,,,
Lva233,Ogilvies,Ogilvies B,female,0,1,5.72,33.3,,,,,,,,,,,,,,,,,,,,,,,,,,,,,,,,,,,,,,,,,16/11/2011,3,7836.87,>16667,1306171,5.43,57,,,
Lva234,Eucumbene,Eucumbene C,male,1,0,2.64,28.2,3,3.91,652,652,3,509.15,>16667,84875.305,3,204.45,>16667,34081.815,,,,,,,,,,,,,,,,,,,,,,,,,,,,,21/10/2011,3,0.18,30,30,2.44,31,,,
Lva235,Greymare,Greymare A,male,1,0,2.9,31.5,3,16.04,2673,2674,3,709.51,>16667,118275.317,,,,,,,,,,,,,,,,,,,,,,,,,,,,,,,,,17/10/2011,3,9204.76,>16667,1534157,3.06,27,,,
Lva237,Kiandra,Kiandra C,female,1,0,4.34,34,,,,,,,,,,,,,,,,,,,,,,,,,,,,,,,,,,,,,,,,,24/10/2011,3,1735.72,>16667,289292,4.29,34,,,
Lva239,Greymare,Greymare C,male,1,0,3.58,31.9,0,0,0,0,0,0,0,0,3,0.16,26.6672,26.6672,3,0.02,3.3334,3.3334,2,0.01,<2,1.667,0,0,0,0,3,0.02,3.3334,3.3334,0,0,0,0,0,0,0,0,0,0,0,0,Survivor,0,0,0,0,3.83,Survivor,,,
Lva240,Eucumbene,Eucumbene C,female,1,0,4.02,30.3,3,1.22,203,203,3,114.62,>16667,19107.154,3,696.12,>16667,116043.204,,,,,,,,,,,,,,,,,,,,,,,,,,,,,26/10/2011,3,3941.38,>16667,656910,3.08,36,,,
Lva241,Eucumbene,Eucumbene A,female,1,0,2.25,25.7,,,,,,,,,,,,,,,,,,,,,,,,,,,,,,,,,,,,,,,,,20/10/2011,3,125.23,>16667,20872,2.19,30,,,
Lva242,Eucumbene,Eucumbene D,female,1,0,4.22,31.3,3,2.01,335,335,3,439.52,>16667,73267.984,,,,,,,,,,,,,,,,,,,,,,,,,,,,,,,,,16/10/2011,3,48029.42,>16667,8005063,3.79,26,,,
Lva243,Ogilvies,Ogilvies C,female,1,0,2.75,29.4,3,14.74,2457,2457,3,325.69,>16667,54292.523,,,,,,,,,,,,,,,,,,,,,,,,,,,,,,,,,19/10/2011,3,4153.89,>16667,692329,2.18,29,,,
Lva244,Kiandra,Kiandra B,male,1,0,4.03,33.4,3,2.84,473,473,3,60.5,10084,10084,3,1329.9,>16667,221694.33,,,,,,,,,,,,,,,,,,,,,,,,,,,,,27/10/2011,3,10727.08,>16667,1787882,3.79,37,,,
Lva245,Kiandra,Kiandra C,male,1,0,2.63,28.3,,,,,,,,,,,,,,,,,,,,,,,,,,,,,,,,,,,,,,,,,21/10/2011,3,10232.06,>16667,1705377,3.13,31,,,
Lva246,Eucumbene,Eucumbene C,male,1,0,3.13,29.3,3,17.14,2857,2857,3,224.73,>16667,37462.491,,,,,,,,,,,,,,,,,,,,,,,,,,,,,,,,,16/10/2011,3,17771.03,>16667,2961898,3.1,26,,,
Lva247,Kiandra,Kiandra D,male,1,0,2.91,28.4,,,,,,,,,,,,,,,,,,,,,,,,,,,,,,,,,,,,,,,,,22/10/2011,3,309.5,>16667,51584,3.31,32,,,
Lva248,Ogilvies,Ogilvies B,female,1,0,5.42,34.5,3,0.96,160,160,3,1020.41,>16667,170102.347,,,,,,,,,,,,,,,,,,,,,,,,,,,,,,,,,16/10/2011,3,35820.12,>16667,5970139,4.72,26,,,
Lva249,Kiandra,Kiandra D,female,1,0,5.66,33.6,,,,,,,,,,,,,,,,,,,,,,,,,,,,,,,,,,,,,,,,,20/10/2011,3,7586.55,>16667,1264450,4.58,30,,,
Lva250,Kiandra,Kiandra C,male,1,0,3.16,29.2,3,48.64,8107,8108,3,55.62,9270,9270,3,348.21,>16667,58046.607,,,,,,,,,,,,,,,,,,,,,,,,,,,,,21/10/2011,3,2519.85,>16667,419983,2.89,31,,,
Lva251,Kiandra,Kiandra D,male,1,0,3.91,32,,,,,,,,,,,,,,,,,,,,,,,,,,,,,,,,,,,,,,,,,24/10/2011,3,1674.67,>16667,279117,4.32,34,,,
Lva252,Ogilvies,Ogilvies C,male,1,0,3.08,28.2,3,32.33,5388,5389,3,164.69,>16667,27453.823,,,,,,,,,,,,,,,,,,,,,,,,,,,,,,,,,20/10/2011,3,1155.49,>16667,192586,1.99,30,,,
Lva253,Greymare,Greymare D,female,1,0,5.02,31.2,,,,,,,,,,,,,,,,,,,,,,,,,,,,,,,,,,,,,,,,,13/10/2011,3,8051.26,>16667,1341904,4.04,23,,,
Lva254,Ogilvies,Ogilvies B,female,1,0,4.39,32.1,3,81.25,13542,13544,3,2054.94,>16667,342558.498,,,,,,,,,,,,,,,,,,,,,,,,,,,,,,,,,14/10/2011,3,2409.92,>16667,401661,4.36,24,,,
Lva255,Ogilvies,Ogilvies B,female,0,1,4.19,32.9,,,,,,,,,,,,,,,,,,,,,,,,,,,,,,,,,,,,,,,,,Survivor,0,0,0,0,4.67,Survivor,,,
Lva257,Ogilvies,Ogilvies B,male,1,0,2.35,27.5,3,378.96,>16667,63173,3,582.2,>16667,97052.74,,,,,,,,,,,,,,,,,,,,,,,,,,,,,,,,,14/10/2011,3,7512.96,>16667,1252185,2.8,24,,,
Lva258,Ogilvies,Ogilvies A,female,1,0,3.81,31.6,,,,,,,,,,,,,,,,,,,,,,,,,,,,,,,,,,,,,,,,,15/10/2011,3,13746.09,>16667,2291061,3.28,25,,,
Lva259,Greymare,Greymare B,female,1,0,4.24,33.6,,,,,,,,,,,,,,,,,,,,,,,,,,,,,,,,,,,,,,,,,20/10/2011,3,2036.75,>16667,339465,4.01,30,,,
Lva260,Kiandra,Kiandra B,male,1,0,3.26,29.8,3,111.08,>16667,18517,3,12.15,2025,2025,,,,,,,,,,,,,,,,,,,,,,,,,,,,,,,,,20/10/2011,3,3.29,548,548,2.75,30,,,
Lva261,Ogilvies,Ogilvies B,female,1,0,4.91,32,3,13.13,2188,2189,3,121.47,>16667,20249.049,3,928.8,>16667,154830.96,,,,,,,,,,,,,,,,,,,,,,,,,,,,,26/10/2011,3,15072.26,>16667,2512094,3.77,36,,,
Lva262,Eucumbene,Eucumbene B,male,1,0,3.18,30.3,3,0.08,13,13,3,368.25,>16667,61387.275,,,,,,,,,,,,,,,,,,,,,,,,,,,,,,,,,18/10/2011,3,656.3,>16667,109386,2.95,28,,,
Lva263,Ogilvies,Ogilvies A,male,1,0,3,29.9,,,,,,,,,,,,,,,,,,,,,,,,,,,,,,,,,,,,,,,,,13/10/2011,3,1665.28,>16667,277552,3.14,23,,,
Lva264,Eucumbene,Eucumbene B,male,1,0,3.13,28.2,3,7.2,1200,1200,3,276.2,>16667,46042.54,3,437.17,>16667,72876.239,,,,,,,,,,,,,,,,,,,,,,,,,,,,,25/10/2011,3,1979.41,>16667,329908,2.4,35,,,
Lva265,Greymare,Greymare C,female,1,0,5.58,35,3,49.45,8242,8243,3,413.74,>16667,68970.458,,,,,,,,,,,,,,,,,,,,,,,,,,,,,,,,,18/10/2011,3,601.21,>16667,100204,5.37,28,,,
Lva266,Kiandra,Kiandra B,female,1,0,3.46,31.1,,,,,,,,,,,,,,,,,,,,,,,,,,,,,,,,,,,,,,,,,31/10/2011,3,426.32,>16667,71055,3.56,41,,,
Lva267,Kiandra,Kiandra B,female,0,1,5.77,37.9,,,,,,,,,,,,,,,,,,,,,,,,,,,,,,,,,,,,,,,,,8/12/2011,3,70.46,11744,11744,4.72,79,,,
Lva268,Eucumbene,Eucumbene A,female,1,0,3.94,30.2,,,,,,,,,,,,,,,,,,,,,,,,,,,,,,,,,,,,,,,,,19/10/2011,3,1141.6,>16667,190270,3.25,29,,,
Lva269,Eucumbene,Eucumbene D,female,1,0,2.51,27.9,,,,,,,,,,,,,,,,,,,,,,,,,,,,,,,,,,,,,,,,,16/10/2011,3,4824.41,>16667,804084,2.1,26,,,
Lva270,Eucumbene,Eucumbene D,male,1,0,3.21,26.8,,,,,,,,,,,,,,,,,,,,,,,,,,,,,,,,,,,,,,,,,24/10/2011,3,4827.56,>16667,804609,2.56,34,,,
Lva271,Greymare,Greymare C,male,0,1,3.54,34.2,,,,,,,,,,,,,,,,,,,,,,,,,,,,,,,,,,,,,,,,,9/11/2011,3,80.77,13462,13462,4.01,50,,,
Lva272,Eucumbene,Eucumbene C,female,1,0,1.82,25.6,3,203.8,>16667,33973,3,135.18,>16667,22534.506,3,321.86,>16667,53654.062,,,,,,,,,,,,,,,,,,,,,,,,,,,,,23/10/2011,3,347.21,>16667,57869,1.7,33,,,
Lva273,Kiandra,Kiandra A,male,1,0,3.08,29.7,,,,,,,,,,,,,,,,,,,,,,,,,,,,,,,,,,,,,,,,,28/10/2011,3,2314.53,>16667,385763,2.57,38,,,
Lva274,Eucumbene,Eucumbene C,female,1,0,1.48,24.4,,,,,,,,,,,,,,,,,,,,,,,,,,,,,,,,,,,,,,,,,20/10/2011,3,404.96,>16667,67495,1.36,30,,,
Lva276,Greymare,Greymare C,male,0,1,3.8,32.5,,,,,,,,,,,,,,,,,,,,,,,,,,,,,,,,,,,,,,,,,Survivor,0,0,0,0,3.68,Survivor,,,
Lva277,Kiandra,Kiandra D,female,1,0,5.17,34.2,3,0.3,50,50,3,796.39,>16667,132758.213,,,,,,,,,,,,,,,,,,,,,,,,,,,,,,,,,16/10/2011,3,14781.64,>16667,2463656,4.99,26,,,
Lva278,Greymare,Greymare A,female,1,0,5.26,32.7,3,4580.01,>16667,763488,,,,,,,,,,,,,,,,,,,,,,,,,,,,,,,,,,,,,11/10/2011,3,3607.72,>16667,601299,4.42,21,,,
Lva279,Eucumbene,Eucumbene D,male,1,0,3.61,29.3,,,,,,,,,,,,,,,,,,,,,,,,,,,,,,,,,,,,,,,,,17/10/2011,3,28114.65,>16667,4685869,3.12,27,,,
Lva281,Ogilvies,Ogilvies B,male,1,0,3.59,29,3,381.87,>16667,63658,3,1317.9,>16667,219693.93,,,,,,,,,,,,,,,,,,,,,,,,,,,,,,,,,16/10/2011,3,16891.86,>16667,2815366,3.36,26,,,
Lva282,Ogilvies,Ogilvies B,female,0,1,3.54,31.4,,,,,,,,,,,,,,,,,,,,,,,,,,,,,,,,,,,,,,,,,14/11/2011,3,2244.25,>16667,374049,3.29,55,,,
Lva284,Ogilvies,Ogilvies A,male,1,0,3.44,29.1,3,12.98,2163,2164,,,,,,,,,,,,,,,,,,,,,,,,,,,,,,,,,,,,,13/10/2011,3,3298.07,>16667,549689,3.01,23,,,
Lva285,Eucumbene,Eucumbene A,male,1,0,2.4,26.9,,,,,,,,,,,,,,,,,,,,,,,,,,,,,,,,,,,,,,,,,20/10/2011,3,3765.04,>16667,627519,2.1,30,,,
Lva286,Ogilvies,Ogilvies B,female,1,0,4.47,33.6,3,0.31,52,52,3,209.07,>16667,34851.969,,,,,,,,,,,,,,,,,,,,,,,,,,,,,,,,,20/10/2011,3,21135.19,>16667,3522602,3.81,30,,,
Lva287,Greymare,Greymare C,female,1,0,6.17,39.2,3,276.54,>16667,46099,3,313.39,>16667,52242.113,3,2006.95,>16667,334558.565,,,,,,,,,,,,,,,,,,,,,,,,,,,,,23/10/2011,3,3655.99,>16667,609344,4.97,33,,,
Lva288,Ogilvies,Ogilvies B,female,1,0,3.9,34.2,3,23.6,3933,3934,,,,,,,,,,,,,,,,,,,,,,,,,,,,,,,,,,,,,13/10/2011,3,14619.99,>16667,2436714,4.01,23,,,
Lva289,Eucumbene,Eucumbene B,male,1,0,1.88,26.4,3,11.43,1905,1905,3,66.29,11049,11049,3,63.33,10555.2111,10555.2111,,,,,,,,,,,,,,,,,,,,,,,,,,,,,24/10/2011,3,811.96,>16667,135329,1.67,34,,,
Lva290,Greymare,Greymare C,female,1,0,5.64,37.4,,,,,,,,,,,,,,,,,,,,,,,,,,,,,,,,,,,,,,,,,27/10/2011,3,15188.26,>16667,2531427,5.04,37,,,
Lva293,Eucumbene,Eucumbene D,male,1,0,2.47,26.3,,,,,,,,,,,,,,,,,,,,,,,,,,,,,,,,,,,,,,,,,21/10/2011,3,2310.99,>16667,385173,2.53,31,,,
Lva294,Kiandra,Kiandra A,male,1,0,2.63,37.5,,,,,,,,,,,,,,,,,,,,,,,,,,,,,,,,,,,,,,,,,23/10/2011,3,2337.85,>16667,389649,2.82,33,,,
Lva295,Ogilvies,Ogilvies A,male,1,0,1.78,27.2,,,,,,,,,,,,,,,,,,,,,,,,,,,,,,,,,,,,,,,,,13/10/2011,3,11956.78,>16667,1992837,1.69,23,,,
Lva296,Eucumbene,Eucumbene A,male,1,0,2.26,29.2,,,,,,,,,,,,,,,,,,,,,,,,,,,,,,,,,,,,,,,,,26/10/2011,3,1120.32,>16667,186724,1.93,36,,,
Lva297,Kiandra,Kiandra C,female,1,0,2.63,27.8,3,3.78,630,630,3,48.91,8152,8152,3,191.68,>16667,31953.056,3,214.04,>16667,35680.468,,,,,,,,,,,,,,,,,,,,,,,,,28/10/2011,3,1104.05,>16667,184012,2.78,38,,,
Lva298,Eucumbene,Eucumbene C,male,1,0,3.67,30.4,,,,,,,,,,,,,,,,,,,,,,,,,,,,,,,,,,,,,,,,,27/10/2011,3,47.8,7967,7967,3.75,37,,,
Lva299,Eucumbene,Eucumbene C,female,0,1,1.7,23.5,,,,,,,,,,,,,,,,,,,,,,,,,,,,,,,,,,,,,,,,,Survivor,0,0,0,0,2.42,Survivor,,,
Lva300,Kiandra,Kiandra B,female,1,0,2.47,28.4,3,3.02,503,503,3,88.32,14720,14720,3,303.15,>16667,50535.105,3,675.13,>16667,112544.171,,,,,,,,,,,,,,,,,,,,,,,,,28/10/2011,3,1124.94,>16667,187494,2.18,38,,,
Lva301,Ogilvies,Ogilvies B,male,0,1,2.16,26.8,0,0,0,0,3,0.47,78,78,0,0,0,0,0,0,0,0,3,8.32,1386.6944,1386.6944,3,830.21,>16667,138396.007,3,686.8,>16667,114468.956,,,,,,,,,,,,,21/11/2011,3,11285.94,>16667,1881028,2.34,62,,,
Lva302,Kiandra,Kiandra B,male,1,0,3.94,31.6,3,324.64,>16667,54117,3,167.2,>16667,27872.24,3,209.82,>16667,34976.994,,,,,,,,,,,,,,,,,,,,,,,,,,,,,26/10/2011,3,557.82,>16667,92972,3.7,36,,,
Lva304,Eucumbene,Eucumbene A,female,1,0,2.51,26.5,,,,,,,,,,,,,,,,,,,,,,,,,,,,,,,,,,,,,,,,,29/10/2011,3,792.01,>16667,132004,2.03,39,,,
Lva305,Greymare,Greymare D,male,1,0,3.28,30,3,2.65,442,442,,,,,,,,,,,,,,,,,,,,,,,,,,,,,,,,,,,,,12/10/2011,3,7869.21,>16667,1311561,3.3,22,,,
Lva306,Eucumbene,Eucumbene A,female,1,0,4.44,31.6,,,,,,,,,,,,,,,,,,,,,,,,,,,,,,,,,,,,,,,,,24/10/2011,3,5107.5,>16667,851267,4.04,34,,,
Lva307,Greymare,Greymare C,male,0,1,3.46,31.6,,,,,,,,,,,,,,,,,,,,,,,,,,,,,,,,,,,,,,,,,Survivor,0,0,0,0,3.49,Survivor,,,
Lva309,Ogilvies,Ogilvies B,male,0,1,2.56,26.7,,,,,,,,,,,,,,,,,,,,,,,,,,,,,,,,,,,,,,,,,Survivor,0,0,0,0,2.87,Survivor,,,
Lva310,Kiandra,Kiandra C,male,0,1,3.29,31.4,1,0,*0,0,3,0.13,22,22,1,0.016,<3,2.6672,3,0.1,16.667,16.667,3,6.49,1081.6883,1081.6883,3,66.46,11076.8882,11076.8882,3,110.41,>16667,18402.0347,,,,,,,,,,,,,23/11/2011,3,14518.63,>16667,2419820,3.66,64,,,
Lva311,Greymare,Greymare B,male,0,1,2.57,30.3,,,,,,,,,,,,,,,,,,,,,,,,,,,,,,,,,,,,,,,,,Survivor,0,0,0,0,2.97,Survivor,,,
Lva312,Eucumbene,Eucumbene C,female,1,0,3.9,29.9,,,,,,,,,,,,,,,,,,,,,,,,,,,,,,,,,,,,,,,,,2/11/2011,3,572.24,>16667,95375,3.08,43,,,
Lva313,Eucumbene,Eucumbene D,female,1,0,6.71,33.1,,,,,,,,,,,,,,,,,,,,,,,,,,,,,,,,,,,,,,,,,19/10/2011,3,28650.52,>16667,4775182,5.31,29,,,
Lva314,Ogilvies,Ogilvies B,female,0,1,3.67,31.7,,,,,,,,,,,,,,,,,,,,,,,,,,,,,,,,,,,,,,,,,14/11/2011,3,3998.74,>16667,666470,3.81,55,,,
Lva316,Eucumbene,Eucumbene D,male,1,0,3.28,27,3,0.82,137,137,3,173.78,>16667,28969.126,,,,,,,,,,,,,,,,,,,,,,,,,,,,,,,,,20/10/2011,3,4675.94,>16667,779339,2.32,30,,,
Lva318,Greymare,Greymare C,male,0,1,4,33.8,,,,,,,,,,,,,,,,,,,,,,,,,,,,,,,,,,,,,,,,,4/11/2011,3,9051.04,>16667,1508537,4.32,45,,,
Lva319,Eucumbene,Eucumbene A,male,1,0,1.69,23,,,,,,,,,,,,,,,,,,,,,,,,,,,,,,,,,,,,,,,,,25/10/2011,3,6406.28,>16667,1067735,2.17,35,,,
Lva321,Eucumbene,Eucumbene D,male,1,0,2.13,28.2,3,14.65,2442,2442,3,21.63,3605,3605,3,197.2,>16667,32873.24,,,,,,,,,,,,,,,,,,,,,,,,,,,,,26/10/2011,3,1814.55,>16667,302431,1.92,36,,,
Lva322,Ogilvies,Ogilvies A,male,1,0,2.08,26.3,3,102.26,>16667,17047,3,244.35,>16667,40733.145,,,,,,,,,,,,,,,,,,,,,,,,,,,,,,,,,14/10/2011,3,2209.54,>16667,368264,2.12,24,,,
Lva323,Ogilvies,Ogilvies B,female,1,0,3.56,33.5,3,0.38,63,63,3,1471.15,>16667,245240.705,,,,,,,,,,,,,,,,,,,,,,,,,,,,,,,,,14/10/2011,3,2722.24,>16667,453716,3.79,24,,,
Lva324,Ogilvies,Ogilvies A,female,1,0,3.61,33.5,,,,,,,,,,,,,,,,,,,,,,,,,,,,,,,,,,,,,,,,,14/10/2011,3,4801.79,>16667,800314,3.8,24,,,
Lva325,Eucumbene,Eucumbene A,male,0,1,1.83,24.4,,,,,,,,,,,,,,,,,,,,,,,,,,,,,,,,,,,,,,,,,9/11/2011,3,1103.33,>16667,183892,1.94,50,,,
Lva326,Greymare,Greymare B,female,1,0,5.33,34.9,,,,,,,,,,,,,,,,,,,,,,,,,,,,,,,,,,,,,,,,,14/10/2011,3,5552.63,>16667,925457,5.75,24,,,
Lva327,Eucumbene,Eucumbene C,male,1,0,2.63,29,,,,,,,,,,,,,,,,,,,,,,,,,,,,,,,,,,,,,,,,,13/10/2011,3,1791.13,>16667,298528,2.66,23,,,
Lva328,Eucumbene,Eucumbene C,male,1,0,2.59,27.5,,,,,,,,,,,,,,,,,,,,,,,,,,,,,,,,,,,,,,,,,16/10/2011,3,477.74,>16667,79625,2.71,26,,,
Lva329,Eucumbene,Eucumbene A,male,0,1,2.79,29.5,,,,,,,,,,,,,,,,,,,,,,,,,,,,,,,,,,,,,,,,,Survivor,0,0,0,0,3.05,Survivor,,,
Lva330,Kiandra,Kiandra B,male,1,0,3.81,30.9,3,11.54,1923,1924,3,143.06,>16667,23848.102,3,2426,>16667,404414.2,,,,,,,,,,,,,,,,,,,,,,,,,,,,,22/10/2011,3,3979.33,>16667,663235,3.74,32,,,
Lva331,Ogilvies,Ogilvies A,female,1,0,3.43,30.7,3,14.32,2387,2387,,,,,,,,,,,,,,,,,,,,,,,,,,,,,,,,,,,,,13/10/2011,3,4974.96,>16667,829177,3.21,23,,,
Lva332,Eucumbene,Eucumbene D,female,1,0,3.27,29.1,,,,,,,,,,,,,,,,,,,,,,,,,,,,,,,,,,,,,,,,,17/10/2011,3,14047.91,>16667,2341365,2.71,27,,,
Lva333,Ogilvies,Ogilvies C,female,1,0,3.54,32.1,,,,,,,,,,,,,,,,,,,,,,,,,,,,,,,,,,,,,,,,,24/10/2011,3,4400.53,>16667,733436,3.13,34,,,
Lva334,Greymare,Greymare B,female,0,1,3.77,34.3,,,,,,,,,,,,,,,,,,,,,,,,,,,,,,,,,,,,,,,,,Survivor,0,0,0,0,4.16,Survivor,,,
Lva335,Ogilvies,Ogilvies B,male,1,0,2.78,27.4,3,274.51,>16667,45761,3,679.84,>16667,113329.328,,,,,,,,,,,,,,,,,,,,,,,,,,,,,,,,,17/10/2011,3,8322.47,>16667,1387106,2.5,27,,,
Lva336,Kiandra,Kiandra C,female,1,0,6.41,33.5,,,,,,,,,,,,,,,,,,,,,,,,,,,,,,,,,,,,,,,,,21/10/2011,3,3985.23,>16667,664218,7.3,31,,,
Lva338,Kiandra,Kiandra A,male,1,0,2.63,27.7,,,,,,,,,,,,,,,,,,,,,,,,,,,,,,,,,,,,,,,,,20/10/2011,3,797.65,>16667,132944,2.34,30,,,
Lva339,Ogilvies,Ogilvies A,male,1,0,4.01,29.5,3,33.91,5652,5653,3,479.11,>16667,79867.637,,,,,,,,,,,,,,,,,,,,,,,,,,,,,,,,,15/10/2011,3,11682.79,>16667,1947171,3.27,25,,,
Lva340,Kiandra,Kiandra D,male,1,0,3.8,31.9,,,,,,,,,,,,,,,,,,,,,,,,,,,,,,,,,,,,,,,,,27/10/2011,3,9330.06,>16667,1555041,3.78,37,,,
Lva341,Kiandra,Kiandra C,female,1,0,4.07,30.7,,,,,,,,,,,,,,,,,,,,,,,,,,,,,,,,,,,,,,,,,20/10/2011,3,2685.52,>16667,447596,4.11,30,,,
Lva342,Eucumbene,Eucumbene A,male,1,0,1.85,25.8,,,,,,,,,,,,,,,,,,,,,,,,,,,,,,,,,,,,,,,,,24/10/2011,3,2647.63,>16667,441280,1.8,34,,,
Lva343,Kiandra,Kiandra D,female,0,1,4.59,32.2,,,,,,,,,,,,,,,,,,,,,,,,,,,,,,,,,,,,,,,,,Survivor,0,0,0,0,5.19,Survivor,,,
Lva344,Greymare,Greymare B,female,1,0,4.29,32.6,3,1.15,192,192,3,58.8,9800,9800,3,347.31,>16667,57896.577,,,,,,,,,,,,,,,,,,,,,,,,,,,,,22/10/2011,3,4242.35,>16667,707072,4.41,32,,,
Lva345,Greymare,Greymare D,male,1,0,4.18,30.7,3,26.07,4345,4346,3,608.69,>16667,101468.623,,,,,,,,,,,,,,,,,,,,,,,,,,,,,,,,,17/10/2011,3,3973.3,>16667,662230,3.98,27,,,
Lva346,Eucumbene,Eucumbene A,male,0,1,3.1,28,0,0,0,0,3,0.24,40,40,3,0.07,11.6669,11.6669,3,0.04,6.6668,6.6668,1,0.0067,<2,1.11689,2,0.02,<4,3.334,3,6.09,1015.0203,1015.0203,3,15.04,2506.7168,2506.7168,3,142,>16667,23671.4,,,,,6/12/2011,3,7487.67,>16667,1247970,2.66,77,,,
Lva348,Kiandra,Kiandra D,male,1,0,2.83,28.7,3,0.15,25,25,3,79.57,13262,13262,3,379.61,>16667,63280.987,,,,,,,,,,,,,,,,,,,,,,,,,,,,,22/10/2011,3,273.77,>16667,45629,3.11,32,,,
Lva349,Greymare,Greymare D,male,1,0,4.02,29.9,3,11.03,1838,1839,,,,,,,,,,,,,,,,,,,,,,,,,,,,,,,,,,,,,10/10/2011,3,2660.91,>16667,443494,3.99,20,,,
Lva350,Ogilvies,Ogilvies C,female,1,0,3.36,29.8,3,48.03,8005,8007,3,226.25,>16667,37715.875,,,,,,,,,,,,,,,,,,,,,,,,,,,,,,,,,14/10/2011,3,3312.41,>16667,552079,3.33,24,,,
Lva351,Greymare,Greymare B,female,1,0,3.5,31.4,,,,,,,,,,,,,,,,,,,,,,,,,,,,,,,,,,,,,,,,,19/10/2011,3,9972.76,>16667,1662160,4.09,29,,,
Lva352,Kiandra,Kiandra D,female,1,0,4.36,35,3,40.13,6688,6690,3,184.77,>16667,30801.159,3,940.85,>16667,156839.695,,,,,,,,,,,,,,,,,,,,,,,,,,,,,23/10/2011,3,5575.14,>16667,929209,3.19,33,,,
Lva353,Eucumbene,Eucumbene C,male,0,1,2.69,26.9,,,,,,,,,,,,,,,,,,,,,,,,,,,,,,,,,,,,,,,,,Survivor,0,0,0,0,2.71,Survivor,,,
Lva354,Kiandra,Kiandra A,female,1,0,4.73,35.1,3,24.53,4088,4089,3,130.1,>16667,21687.67,3,17.46,2910.0582,2910.0582,3,20.06,3343.4002,3343.4002,3,362.94,>16667,60502.098,,,,,,,,,,,,,,,,,,,,,7/11/2011,3,884.82,>16667,147473,4.28,48,,,
Lva355,Kiandra,Kiandra D,male,1,0,3.06,30.1,,,,,,,,,,,,,,,,,,,,,,,,,,,,,,,,,,,,,,,,,23/10/2011,3,428.63,>16667,71440,2.49,33,,,
Lva356,Greymare,Greymare C,male,1,0,3.48,32.8,3,81.99,13665,13668,3,371.6,>16667,61945.72,,,,,,,,,,,,,,,,,,,,,,,,,,,,,,,,,15/10/2011,3,406.31,>16667,67720,3.94,25,,,
Lva357,Eucumbene,Eucumbene B,female,1,0,2.82,29.4,3,10.31,1718,1719,3,87.8,14634,14634,3,973.31,>16667,162250.777,,,,,,,,,,,,,,,,,,,,,,,,,,,,,26/10/2011,3,6861.8,>16667,1143656,2.74,36,,,
Lva358,Greymare,Greymare C,male,0,1,3.07,31.2,,,,,,,,,,,,,,,,,,,,,,,,,,,,,,,,,,,,,,,,,2/11/2011,3,1479.73,>16667,246627,3.03,43,,,
Lva359,Greymare,Greymare A,male,1,0,3.62,28.8,3,0.24,40,40,3,315.46,>16667,52587.182,,,,,,,,,,,,,,,,,,,,,,,,,,,,,,,,,20/10/2011,3,1874.18,>16667,312370,2.5,30,,,
Lva360,Greymare,Greymare B,male,1,0,2.97,30.2,,,,,,,,,,,,,,,,,,,,,,,,,,,,,,,,,,,,,,,,,14/10/2011,3,34.71,5785,5785,3.01,24,,,
Lva361,Ogilvies,Ogilvies B,male,0,1,3.09,28.5,0,0,0,0,0,0,0,0,3,0.15,25.0005,25.0005,3,0.37,61.6679,61.6679,3,16.67,2778.3889,2778.3889,3,490.09,>16667,81698.003,3,2051.4,>16667,341906.838,,,,,,,,,,,,,19/11/2011,3,17255.87,>16667,2876036,3.21,60,,,
Lva362,Kiandra,Kiandra B,male,1,0,1.7,23.4,,,,,,,,,,,,,,,,,,,,,,,,,,,,,,,,,,,,,,,,,25/10/2011,3,1789.41,>16667,298241,1.46,35,,,
Lva363,Ogilvies,Ogilvies B,female,1,0,2.31,26.7,3,187.48,>16667,31253,3,250,>16667,41675,,,,,,,,,,,,,,,,,,,,,,,,,,,,,,,,,18/10/2011,3,10147.93,>16667,1691355,1.87,28,,,
Lva364,Greymare,Greymare B,female,1,0,3.47,33.5,3,0.19,32,32,3,451.54,>16667,75271.718,,,,,,,,,,,,,,,,,,,,,,,,,,,,,,,,,20/10/2011,3,1009.72,>16667,168290,3.02,30,,,
Lva365,Eucumbene,Eucumbene B,female,1,0,4.29,35.2,,,,,,,,,,,,,,,,,,,,,,,,,,,,,,,,,,,,,,,,,15/10/2011,3,302.61,>16667,50436,3.81,25,,,
Lva366,Greymare,Greymare D,male,1,0,3.88,30.6,,,,,,,,,,,,,,,,,,,,,,,,,,,,,,,,,,,,,,,,,9/10/2011,3,1975.17,>16667,329202,5.42,19,,,
Lva367,Ogilvies,Ogilvies B,male,1,0,3.17,30,,,,,,,,,,,,,,,,,,,,,,,,,,,,,,,,,,,,,,,,,17/10/2011,3,4189.25,>16667,698222,3.2,27,,,
Lva368,Kiandra,Kiandra B,female,1,0,5.25,35.5,,,,,,,,,,,,,,,,,,,,,,,,,,,,,,,,,,,,,,,,,1/11/2011,3,12897.4,>16667,2149610,3.95,42,,,
Lva369,Greymare,Greymare B,male,0,1,3.07,31.3,,,,,,,,,,,,,,,,,,,,,,,,,,,,,,,,,,,,,,,,,Survivor,0,0,0,0,3.26,Survivor,,,
Lva370,Kiandra,Kiandra C,female,1,0,2.91,31.5,,,,,,,,,,,,,,,,,,,,,,,,,,,,,,,,,,,,,,,,,31/10/2011,3,4403.51,>16667,733933,2.8,41,,,
Lva371,Eucumbene,Eucumbene A,male,0,1,2.66,28.7,,,,,,,,,,,,,,,,,,,,,,,,,,,,,,,,,,,,,,,,,Survivor,0,0,0,0,2.66,Survivor,,,
Lva372,Kiandra,Kiandra B,female,1,0,3.6,30.1,3,0.63,105,105,3,55.96,9327,9327,3,5.69,948.3523,948.3523,3,19.37,3228.3979,3228.3979,3,2.22,370.0074,370.0074,3,0.23,38.3341,38.3341,3,1.76,293.3392,293.3392,1,0.0033,<1,0.55011,0,0,0,0,0,0,0,0,Survivor,0,0,0,0,3.28,Survivor,,,
Lva374,Greymare,Greymare A,male,1,0,2.91,31,,,,,,,,,,,,,,,,,,,,,,,,,,,,,,,,,,,,,,,,,13/10/2011,3,17614.29,>16667,2935774,2.63,23,,,
Lva375,Greymare,Greymare B,male,1,0,3.02,29.3,,,,,,,,,,,,,,,,,,,,,,,,,,,,,,,,,,,,,,,,,19/10/2011,3,1307.41,>16667,217906,3.37,29,,,
Lva376,Eucumbene,Eucumbene D,female,1,0,4.84,31,,,,,,,,,,,,,,,,,,,,,,,,,,,,,,,,,,,,,,,,,21/10/2011,3,402.59,>16667,67100,3.76,31,,,
Lva378,Kiandra,Kiandra B,female,1,0,5.07,32.4,3,820,>16667,136694,3,145.44,>16667,24244.848,3,1840.21,>16667,306763.007,,,,,,,,,,,,,,,,,,,,,,,,,,,,,23/10/2011,3,3277.33,>16667,546233,4.1,33,,,
Lva379,Eucumbene,Eucumbene D,female,1,0,4.2,31.3,,,,,,,,,,,,,,,,,,,,,,,,,,,,,,,,,,,,,,,,,20/10/2011,3,6895.86,>16667,1149333,2.76,30,,,
Lva380,Kiandra,Kiandra D,male,1,0,3.03,29.9,3,1.19,198,198,3,163,>16667,27172.1,3,74.22,12370.2474,12370.2474,,,,,,,,,,,,,,,,,,,,,,,,,,,,,26/10/2011,3,1098.55,>16667,183095,2.75,36,,,
Lva381,Ogilvies,Ogilvies A,male,1,0,3.31,31.6,,,,,,,,,,,,,,,,,,,,,,,,,,,,,,,,,,,,,,,,,8/10/2011,3,622.92,>16667,103822,3.15,18,,,
Lva382,Eucumbene,Eucumbene D,male,1,0,3.35,30.3,,,,,,,,,,,,,,,,,,,,,,,,,,,,,,,,,,,,,,,,,27/10/2011,3,2128.58,>16667,354770,2.85,37,,,
Lva383,Kiandra,Kiandra C,male,1,0,2.76,28.4,3,0.03,5,5,3,489.73,>16667,81637.991,3,14.95,2491.7165,2491.7165,3,66.8,11133.556,11133.556,3,53.06,8843.5102,8843.5102,3,15.57,2595.0519,2595.0519,3,1226.13,>16667,204359.0871,,,,,,,,,,,,,22/11/2011,3,4277.51,>16667,712933,2.32,63,,,
Lva385,Kiandra,Kiandra A,male,1,0,4.79,31.3,,,,,,,,,,,,,,,,,,,,,,,,,,,,,,,,,,,,,,,,,13/10/2011,3,310.39,>16667,51733,4.27,23,,,
Lva386,Eucumbene,Eucumbene D,male,1,0,2.91,29.6,,,,,,,,,,,,,,,,,,,,,,,,,,,,,,,,,,,,,,,,,14/10/2011,3,1211.67,>16667,201949,3.53,24,,,
Lva387,Kiandra,Kiandra A,female,1,0,4.53,33.9,3,10.09,1682,1682,3,323.25,>16667,53885.775,3,828.52,>16667,138114.284,3,3178.82,>16667,529909.294,,,,,,,,,,,,,,,,,,,,,,,,,29/10/2011,3,2813.58,>16667,468939,4.55,39,,,
Lva389,Kiandra,Kiandra A,female,0,1,4.94,33.6,,,,,,,,,,,,,,,,,,,,,,,,,,,,,,,,,,,,,,,,,8/11/2011,3,6397.13,>16667,1066210,5.1,49,,,
Lva390,Eucumbene,Eucumbene A,female,1,0,2.71,27.9,,,,,,,,,,,,,,,,,,,,,,,,,,,,,,,,,,,,,,,,,24/10/2011,3,1412.45,>16667,235413,2.25,34,,,
Lva392,Kiandra,Kiandra B,male,1,0,2.19,25.9,3,14.6,2433,2434,,,,,,,,,,,,,,,,,,,,,,,,,,,,,,,,,,,,,13/10/2011,3,132.22,>16667,22037,1.65,23,,,
Lva393,Greymare,Greymare A,female,1,0,4.54,33.9,3,2063.25,>16667,343944,3,4377.62,>16667,729749.254,,,,,,,,,,,,,,,,,,,,,,,,,,,,,,,,,14/10/2011,3,1643.48,>16667,273919,3.96,24,,,
Lva394,Kiandra,Kiandra A,female,1,0,4.59,32.8,3,0.01,2,2,3,51.49,8582,8582,3,1.2,200.004,200.004,3,0.06,10.0002,10.0002,3,0.1,16.667,16.667,0,0,0,0,3,0,0,0,3,0.02,3.3334,3.3334,3,0.01,1.6667,1.6667,1,0.013,<3,2.1671,Survivor,3,0.01,2,2,3.91,Survivor,,,
Lva395,Greymare,Greymare C,female,1,0,6.99,35.2,,,,,,,,,,,,,,,,,,,,,,,,,,,,,,,,,,,,,,,,,4/11/2011,3,1838.34,>16667,306396,6.2,45,,,
Lva396,Eucumbene,Eucumbene A,female,0,1,2.62,28.1,,,,,,,,,,,,,,,,,,,,,,,,,,,,,,,,,,,,,,,,,Survivor,0,0,0,0,3.02,Survivor,,,
Lva397,Kiandra,Kiandra D,female,1,0,2.41,26.6,3,0.1,17,17,3,29.25,4875,4875,3,264.77,>16667,44137.159,3,30.02,5003.4334,5003.4334,3,19.28,3213.3976,3213.3976,3,3.26,543.3442,543.3442,3,0.65,108.3355,108.3355,3,0.1,16.667,16.667,3,0.36,60.0012,60.0012,3,0.33,55.0011,55.0011,Survivor,3,0.16,27,27,3.25,Survivor,,,
Lva398,Ogilvies,Ogilvies C,female,1,0,3.69,30,3,0.02,3,3,3,370.98,>16667,61842.366,3,248.4,>16667,41408.28,,,,,,,,,,,,,,,,,,,,,,,,,,,,,27/10/2011,3,3173.15,>16667,528869,2.59,37,,,
Lva400,Kiandra,Kiandra A,male,1,0,3.67,29.9,3,1.38,230,230,3,5.12,853,853,3,0.2,33.334,33.334,0,0,0,0,0,0,0,0,0,0,0,0,1,0.01,<2,1.6667,0,0,0,0,0,0,0,0,0,0,0,0,Survivor,0,0,0,0,3.49,Survivor,,,
Lva402,Greymare,Greymare C,female,1,0,6.36,38.5,3,0.12,20,20,3,3975.83,>16667,662770.861,,,,,,,,,,,,,,,,,,,,,,,,,,,,,,,,,14/10/2011,3,1.95,325,325,5.95,24,,,
Lva403,Greymare,Greymare D,male,1,0,4.04,30.5,,,,,,,,,,,,,,,,,,,,,,,,,,,,,,,,,,,,,,,,,22/10/2011,3,81.96,13660,13660,3.58,32,,,
Lva405,Ogilvies,Ogilvies B,male,1,0,2.67,28.2,,,,,,,,,,,,,,,,,,,,,,,,,,,,,,,,,,,,,,,,,17/10/2011,3,1992.39,>16667,332072,2.42,27,,, 
Lva406,Ogilvies,Ogilvies A,female,1,0,4.54,33.4,,,,,,,,,,,,,,,,,,,,,,,,,,,,,,,,,,,,,,,,,12/10/2011,3,4342.86,>16667,723824,3.91,22,,,
